<AppRec xsi:schemaLocation="http://www.kith.no/xmlstds/apprec/2004-11-21 AppRec-v1-2004-11-21.xsd" xmlns="http://www.kith.no/xmlstds/apprec/2004-11-21" xmlns:xsd="http://www.w3.org/2001/XMLSchema.xsd" xmlns:xsi="http://www.w3.org/2001/XMLSchema-instance"><MsgType V="APPREC" /><MIGversion>1.0 2004-11-21</MIGversion><GenDate>2024-01-05T13:20:28.710+01:00</GenDate><Id>081a329e-adae-446c-bd97-cef89b506a52</Id><Sender><HCP><Inst><Name>Reseptformidleren</Name><Id>994598759</Id><TypeId V="ENH" DN="Organisasjonsnummeret i Enhetsregister" /></Inst><Address><Type V="PST" /><TeleAddress V="mailto:reseptformidleren@evry.com" /></Address></HCP></Sender><Receiver><HCP><Inst><Name>Varacet Testlegekontor</Name><HCPerson><Name>Knut Pettersen</Name><Id>002127296</Id><TypeId V="HPR" /></HCPerson></Inst><Address><Type V="RES" DN="Besøksadresse" /><StreetAdr>Testveien 1</StreetAdr><PostalCode>0102</PostalCode><City>Oslo</City></Address></HCP></Receiver><Status V="1" DN="OK" /><OriginalMsgId><MsgType V="ERM1" DN="Resept" /><IssueDate>2024-01-05T13:19:16.172+01:00</IssueDate><Id>f3e3693b-45f8-4fb0-ba9a-237b02d3631e</Id></OriginalMsgId></AppRec>