<AppRec xsi:schemaLocation="http://www.kith.no/xmlstds/apprec/2004-11-21 AppRec-v1-2004-11-21.xsd" xmlns="http://www.kith.no/xmlstds/apprec/2004-11-21" xmlns:xsd="http://www.w3.org/2001/XMLSchema.xsd" xmlns:xsi="http://www.w3.org/2001/XMLSchema-instance"><MsgType V="APPREC" /><MIGversion>1.0 2004-11-21</MIGversion><GenDate>2021-03-25T08:08:26.444+01:00</GenDate><Id>4ffab131-a57e-428e-8273-cb1613778179</Id><Sender><HCP><Inst><Name>Reseptformidleren</Name><Id>994598759</Id><TypeId V="ENH" DN="Organisasjonsnummeret i Enhetsregister" /></Inst><Address><Type V="PST" /><TeleAddress V="mailto:reseptformidleren@evry.com" /></Address></HCP></Sender><Receiver><HCP><Inst><Name>Varacet Testlegekontor</Name><HCPerson><Name>Knut Pettersen</Name><Id>002127296</Id><TypeId V="HPR" /></HCPerson></Inst><Address><Type V="RES" DN="Besøksadresse" /><StreetAdr>Testveien 1</StreetAdr><PostalCode>0102</PostalCode><City>Oslo</City></Address></HCP></Receiver><Status V="1" DN="OK" /><OriginalMsgId><MsgType V="ERM1" DN="Resept" /><IssueDate>2021-03-25T08:07:45.027+01:00</IssueDate><Id>24d06513-ce67-4bc7-b387-1b6802b7c45a</Id></OriginalMsgId></AppRec>