<AppRec xsi:schemaLocation="http://www.kith.no/xmlstds/apprec/2004-11-21 AppRec-v1-2004-11-21.xsd" xmlns="http://www.kith.no/xmlstds/apprec/2004-11-21" xmlns:xsd="http://www.w3.org/2001/XMLSchema.xsd" xmlns:xsi="http://www.w3.org/2001/XMLSchema-instance"><MsgType V="APPREC" /><MIGversion>1.0 2004-11-21</MIGversion><GenDate>2021-01-29T08:28:04.174+01:00</GenDate><Id>e2dfc22d-9f65-46db-9c4f-ebf90227beea</Id><Sender><HCP><Inst><Name>Reseptformidleren</Name><Id>994598759</Id><TypeId V="ENH" DN="Organisasjonsnummeret i Enhetsregister" /></Inst><Address><Type V="PST" /><TeleAddress V="mailto:reseptformidleren@evry.com" /></Address></HCP></Sender><Receiver><HCP><Inst><Name>Varacet Testlegekontor</Name><HCPerson><Name>Knut Pettersen</Name><Id>002127296</Id><TypeId V="HPR" /></HCPerson></Inst><Address><Type V="RES" DN="Besøksadresse" /><StreetAdr>Testveien 1</StreetAdr><PostalCode>0102</PostalCode><City>Oslo</City></Address></HCP></Receiver><Status V="1" DN="OK" /><OriginalMsgId><MsgType V="ERM1" DN="Resept" /><IssueDate>2021-01-29T08:27:20.591+01:00</IssueDate><Id>aa66b08e-3063-4256-a594-1af82adafa87</Id></OriginalMsgId></AppRec>