<AppRec xsi:schemaLocation="http://www.kith.no/xmlstds/apprec/2004-11-21 AppRec-v1-2004-11-21.xsd" xmlns="http://www.kith.no/xmlstds/apprec/2004-11-21" xmlns:xsd="http://www.w3.org/2001/XMLSchema.xsd" xmlns:xsi="http://www.w3.org/2001/XMLSchema-instance"><MsgType V="APPREC" /><MIGversion>1.0 2004-11-21</MIGversion><GenDate>2021-03-25T08:07:53.461+01:00</GenDate><Id>ddd93eca-5047-4db1-8cfa-da42e84d8431</Id><Sender><HCP><Inst><Name>Reseptformidleren</Name><Id>994598759</Id><TypeId V="ENH" DN="Organisasjonsnummeret i Enhetsregister" /></Inst><Address><Type V="PST" /><TeleAddress V="mailto:reseptformidleren@evry.com" /></Address></HCP></Sender><Receiver><HCP><Inst><Name>Varacet Testlegekontor</Name><HCPerson><Name>Knut Pettersen</Name><Id>002127296</Id><TypeId V="HPR" /></HCPerson></Inst><Address><Type V="RES" DN="Besøksadresse" /><StreetAdr>Testveien 1</StreetAdr><PostalCode>0102</PostalCode><City>Oslo</City></Address></HCP></Receiver><Status V="1" DN="OK" /><OriginalMsgId><MsgType V="ERM251" DN="Varer i bruk" /><IssueDate>2021-03-25T08:07:15.279+01:00</IssueDate><Id>da3d7e7a-27bf-4ee7-851d-1b680289dea1</Id></OriginalMsgId></AppRec>