<AppRec xsi:schemaLocation="http://www.kith.no/xmlstds/apprec/2004-11-21 AppRec-v1-2004-11-21.xsd" xmlns="http://www.kith.no/xmlstds/apprec/2004-11-21" xmlns:xsd="http://www.w3.org/2001/XMLSchema.xsd" xmlns:xsi="http://www.w3.org/2001/XMLSchema-instance"><MsgType V="APPREC" /><MIGversion>1.0 2004-11-21</MIGversion><GenDate>2021-03-25T08:02:37.684+01:00</GenDate><Id>00821aab-651a-4c11-8921-9695cdc92bab</Id><Sender><HCP><Inst><Name>Reseptformidleren</Name><Id>994598759</Id><TypeId V="ENH" DN="Organisasjonsnummeret i Enhetsregister" /></Inst><Address><Type V="PST" /><TeleAddress V="mailto:reseptformidleren@evry.com" /></Address></HCP></Sender><Receiver><HCP><Inst><Name>Varacet Testlegekontor</Name><HCPerson><Name>Knut Pettersen</Name><Id>002127296</Id><TypeId V="HPR" /></HCPerson></Inst><Address><Type V="RES" DN="Besøksadresse" /><StreetAdr>Testveien 1</StreetAdr><PostalCode>0102</PostalCode><City>Oslo</City></Address></HCP></Receiver><Status V="1" DN="OK" /><OriginalMsgId><MsgType V="ERM1" DN="Resept" /><IssueDate>2021-03-25T08:01:57.319+01:00</IssueDate><Id>d30a9834-7f24-439e-877c-1b68009f4f35</Id></OriginalMsgId></AppRec>